{
  "strategy": "Golden Cross",
  "test_date": "2025-07-24T00:03:49.408229",
  "parameter_combinations": {
    "params_1": {
      "parameters": {
        "short": 20,
        "long": 50,
        "trend_filter": true
      },
      "signals_count": 237,
      "sharpe_ratio": 0.4376731979093573,
      "win_rate": 0.5148936170212766,
      "mean_return": 0.006676129803005224,
      "performance": "UNSTABLE"
    },
    "params_2": {
      "parameters": {
        "short": 30,
        "long": 100,
        "trend_filter": true
      },
      "signals_count": 144,
      "sharpe_ratio": -0.3228772007027826,
      "win_rate": 0.47183098591549294,
      "mean_return": -0.004316969462330127,
      "performance": "UNSTABLE"
    },
    "params_3": {
      "parameters": {
        "short": 50,
        "long": 200,
        "trend_filter": true
      },
      "signals_count": 64,
      "sharpe_ratio": 2.5413049428005468,
      "win_rate": 0.6190476190476191,
      "mean_return": 0.026019961417185728,
      "performance": "STABLE"
    },
    "params_4": {
      "parameters": {
        "short": 100,
        "long": 200,
        "trend_filter": true
      },
      "signals_count": 50,
      "sharpe_ratio": 2.570164071227364,
      "win_rate": 0.66,
      "mean_return": 0.03415221101050851,
      "performance": "STABLE"
    },
    "params_5": {
      "parameters": {
        "short": 50,
        "long": 200,
        "trend_filter": false
      },
      "signals_count": 74,
      "sharpe_ratio": 3.3152102560879357,
      "win_rate": 0.6666666666666666,
      "mean_return": 0.037201080115705824,
      "performance": "STABLE"
    }
  },
  "stability_analysis": {
    "stability_score": 0.18218385354839883,
    "stable_parameters": 3,
    "total_tested": 5,
    "verdict": "FAIL"
  }
}