{
  "strategy": "Golden Cross",
  "test_date": "2025-07-24T00:03:49.517746",
  "regime_performance": {
    "NORMAL": {
      "signals_count": 37,
      "sharpe_ratio": 3.3442585478795688,
      "win_rate": 0.6666666666666666,
      "mean_return": 0.03273608801383418,
      "performance": "ROBUST"
    },
    "HIGH_VOL": {
      "signals_count": 12,
      "sharpe_ratio": 2.0283466712697558,
      "win_rate": 0.5,
      "mean_return": 0.032079294353135314,
      "performance": "ROBUST"
    },
    "LOW_VOL": {
      "signals_count": 15,
      "sharpe_ratio": 1.2669173121954835,
      "win_rate": 0.6,
      "mean_return": 0.005053791236469807,
      "performance": "ROBUST"
    }
  },
  "consistency_analysis": {
    "consistency_score": 0.6122843854182878,
    "robust_regimes": 3,
    "total_regimes": 3,
    "verdict": "PASS"
  }
}