{
  "analysis_date": "2025-07-21T13:58:41.789861",
  "baseline_parameters": {
    "MIN_VELOCITY_SCORE": 0.4,
    "MIN_AI_CONFIDENCE": 0.65,
    "POSITION_SIZE_PERCENT": 0.5,
    "MAX_CONCURRENT_POSITIONS": 5,
    "MIN_MARKET_CAP": 500000000,
    "MAX_MARKET_CAP": 50000000000
  },
  "baseline_performance": {
    "num_signals": 18,
    "win_rate": 0.4444444444444444,
    "mean_return": -0.021485550558992764,
    "std_return": 0.042492831699106476,
    "sharpe_ratio": -8.026590079417321,
    "information_ratio": -0.5056276482380099,
    "max_drawdown": 0.3579475448249545,
    "viable": false
  },
  "single_parameter_results": {
    "MIN_VELOCITY_SCORE": {
      "0.2": {
        "num_signals": 19,
        "win_rate": 0.42105263157894735,
        "mean_return": -0.02280798789703532,
        "std_return": 0.041738305566707684,
        "sharpe_ratio": -8.67465936558667,
        "information_ratio": -0.5464521759414205,
        "max_drawdown": 0.38787480396654545,
        "viable": false
      },
      "0.3": {
        "num_signals": 19,
        "win_rate": 0.42105263157894735,
        "mean_return": -0.02280798789703532,
        "std_return": 0.041738305566707684,
        "sharpe_ratio": -8.67465936558667,
        "information_ratio": -0.5464521759414205,
        "max_drawdown": 0.38787480396654545,
        "viable": false
      },
      "0.4": {
        "num_signals": 18,
        "win_rate": 0.4444444444444444,
        "mean_return": -0.021485550558992764,
        "std_return": 0.042492831699106476,
        "sharpe_ratio": -8.026590079417321,
        "information_ratio": -0.5056276482380099,
        "max_drawdown": 0.3579475448249545,
        "viable": false
      },
      "0.5": {
        "num_signals": 18,
        "win_rate": 0.4444444444444444,
        "mean_return": -0.021485550558992764,
        "std_return": 0.042492831699106476,
        "sharpe_ratio": -8.026590079417321,
        "information_ratio": -0.5056276482380099,
        "max_drawdown": 0.3579475448249545,
        "viable": false
      },
      "0.6": {
        "num_signals": 13,
        "win_rate": 0.46153846153846156,
        "mean_return": -0.020994215273689866,
        "std_return": 0.047715989882906935,
        "sharpe_ratio": -6.984510566136447,
        "information_ratio": -0.43998280922619026,
        "max_drawdown": 0.2779440516573033,
        "viable": false
      },
      "0.7": {
        "num_signals": 7,
        "win_rate": 0.5714285714285714,
        "mean_return": -0.013884536706270736,
        "std_return": 0.04773373333606395,
        "sharpe_ratio": -4.617493159671137,
        "information_ratio": -0.29087472811980214,
        "max_drawdown": 0.13100921490198433,
        "viable": false
      }
    },
    "MIN_AI_CONFIDENCE": {
      "0.5": {
        "num_signals": 83,
        "win_rate": 0.43373493975903615,
        "mean_return": -0.001978102766154077,
        "std_return": 0.04256816134717276,
        "sharpe_ratio": -0.7376735787513978,
        "information_ratio": -0.04646906757426712,
        "max_drawdown": 0.4459852097183722,
        "viable": "False"
      },
      "0.6": {
        "num_signals": 38,
        "win_rate": 0.34210526315789475,
        "mean_return": -0.01556016710339727,
        "std_return": 0.040982719856053944,
        "sharpe_ratio": -6.027174281081701,
        "information_ratio": -0.3796762918139688,
        "max_drawdown": 0.5071558159952398,
        "viable": "False"
      },
      "0.65": {
        "num_signals": 18,
        "win_rate": 0.4444444444444444,
        "mean_return": -0.021485550558992764,
        "std_return": 0.042492831699106476,
        "sharpe_ratio": -8.026590079417321,
        "information_ratio": -0.5056276482380099,
        "max_drawdown": 0.3579475448249545,
        "viable": false
      },
      "0.7": {
        "num_signals": 10,
        "win_rate": 0.6,
        "mean_return": -0.006910484816889012,
        "std_return": 0.04417665549377585,
        "sharpe_ratio": -2.4832243265158964,
        "information_ratio": -0.15642842898921233,
        "max_drawdown": 0.1376402921284946,
        "viable": false
      },
      "0.75": {
        "num_signals": 5,
        "win_rate": 0.8,
        "mean_return": -0.0036887455609637297,
        "std_return": 0.052507812917570944,
        "sharpe_ratio": -1.1152058554894722,
        "information_ratio": -0.07025136557781379,
        "max_drawdown": 0.10704172488910364,
        "viable": false
      },
      "0.8": {
        "num_signals": 3,
        "win_rate": 0.6666666666666666,
        "mean_return": -0.01592678110668067,
        "std_return": 0.06456035746640158,
        "sharpe_ratio": -3.9161773863444322,
        "information_ratio": -0.24669598700672102,
        "max_drawdown": 0.10704172488910364,
        "viable": false
      },
      "0.85": {
        "num_signals": 1,
        "win_rate": 1.0,
        "mean_return": 0.034691313170043765,
        "std_return": 0.0,
        "sharpe_ratio": 0,
        "information_ratio": 0,
        "max_drawdown": 0.0,
        "viable": false
      }
    },
    "POSITION_SIZE_PERCENT": {
      "0.25": {
        "num_signals": 18,
        "win_rate": 0.4444444444444444,
        "mean_return": -0.021485550558992764,
        "std_return": 0.042492831699106476,
        "sharpe_ratio": -8.026590079417321,
        "information_ratio": -0.5056276482380099,
        "max_drawdown": 0.3579475448249545,
        "viable": false
      },
      "0.5": {
        "num_signals": 18,
        "win_rate": 0.4444444444444444,
        "mean_return": -0.021485550558992764,
        "std_return": 0.042492831699106476,
        "sharpe_ratio": -8.026590079417321,
        "information_ratio": -0.5056276482380099,
        "max_drawdown": 0.3579475448249545,
        "viable": false
      },
      "0.75": {
        "num_signals": 18,
        "win_rate": 0.4444444444444444,
        "mean_return": -0.021485550558992764,
        "std_return": 0.042492831699106476,
        "sharpe_ratio": -8.026590079417321,
        "information_ratio": -0.5056276482380099,
        "max_drawdown": 0.3579475448249545,
        "viable": false
      },
      "1.0": {
        "num_signals": 18,
        "win_rate": 0.4444444444444444,
        "mean_return": -0.021485550558992764,
        "std_return": 0.042492831699106476,
        "sharpe_ratio": -8.026590079417321,
        "information_ratio": -0.5056276482380099,
        "max_drawdown": 0.3579475448249545,
        "viable": false
      }
    },
    "MAX_CONCURRENT_POSITIONS": {
      "3": {
        "num_signals": 18,
        "win_rate": 0.4444444444444444,
        "mean_return": -0.021485550558992764,
        "std_return": 0.042492831699106476,
        "sharpe_ratio": -8.026590079417321,
        "information_ratio": -0.5056276482380099,
        "max_drawdown": 0.3579475448249545,
        "viable": false
      },
      "5": {
        "num_signals": 18,
        "win_rate": 0.4444444444444444,
        "mean_return": -0.021485550558992764,
        "std_return": 0.042492831699106476,
        "sharpe_ratio": -8.026590079417321,
        "information_ratio": -0.5056276482380099,
        "max_drawdown": 0.3579475448249545,
        "viable": false
      },
      "8": {
        "num_signals": 18,
        "win_rate": 0.4444444444444444,
        "mean_return": -0.021485550558992764,
        "std_return": 0.042492831699106476,
        "sharpe_ratio": -8.026590079417321,
        "information_ratio": -0.5056276482380099,
        "max_drawdown": 0.3579475448249545,
        "viable": false
      },
      "10": {
        "num_signals": 18,
        "win_rate": 0.4444444444444444,
        "mean_return": -0.021485550558992764,
        "std_return": 0.042492831699106476,
        "sharpe_ratio": -8.026590079417321,
        "information_ratio": -0.5056276482380099,
        "max_drawdown": 0.3579475448249545,
        "viable": false
      }
    }
  },
  "stability_analysis": {
    "MIN_VELOCITY_SCORE": {
      "sharpe_std": 1.407646684828099,