{
  "validation_date": "2025-07-21T06:40:30.973651",
  "confidence_threshold": 0.75,
  "total_signals": 448,
  "high_confidence_signals": 308,
  "sample_size": 308,
  "mean_return_pct": 0.7287826597562006,
  "volatility_pct": 4.39908418048265,
  "p_value": 0.00390946267584668,
  "information_ratio": 0.16566690471384463,
  "win_rate": 0.5454545454545454,
  "annual_sharpe_ratio": 2.6298805820800024,
  "tests_passed": "4/5",
  "decision": "PROCEED"
}