{
  "analysis_date": "2025-07-21T13:57:06.174545",
  "cost_model": {
    "commission_per_trade": 0.0,
    "bid_ask_spread_bps": 8.0,
    "market_impact_bps": 12.0,
    "slippage_bps": 15.0,
    "funding_cost_annual": 0.05
  },
  "performance_metrics": {
    "raw_performance": {
      "win_rate": 0.54,
      "mean_return_pct": 0.5501601685176634,
      "sharpe_ratio": 3.448937397828963,
      "total_pnl": 2750.800842588317,
      "profitable_trades": 54
    },
    "net_performance": {
      "win_rate": 0.54,
      "mean_return_pct": -0.14983983148233673,
      "sharpe_ratio": -0.9393413555842128,
      "total_pnl": -749.1991574116835,
      "profitable_trades": 54
    },
    "cost_impact": {
      "total_costs": 3500.0,
      "cost_drag_pct": 127.23567427392297,
      "trades_killed_by_costs": 0,
      "avg_cost_per_trade_bps": 35.0,
      "cost_as_pct_of_pnl": 127.23567427392297
    }
  },
  "sensitivity_analysis": {
    "0.5x_costs": {
      "cost_bps": 8.75,
      "sharpe_ratio": 1.2547980211223753,
      "win_rate": 0.54,
      "mean_return_pct": 0.20016016851766327
    },
    "1.0x_costs": {
      "cost_bps": 35.0,
      "sharpe_ratio": -0.9393413555842128,
      "win_rate": 0.54,
      "mean_return_pct": -0.14983983148233673
    },
    "1.5x_costs": {
      "cost_bps": 78.75,
      "sharpe_ratio": -3.133480732290801,
      "win_rate": 0.3,
      "mean_return_pct": -0.4998398314823368
    },
    "2.0x_costs": {
      "cost_bps": 140.0,
      "sharpe_ratio": -5.327620108997388,
      "win_rate": 0.27,
      "mean_return_pct": -0.8498398314823365
    }
  },
  "verdict": {
    "pass_tca": false,
    "sharpe_degradation_pct": 127.23567427392301,
    "trades_killed": 0
  }
}