{
  "total_features_analyzed": 745,
  "selected_features_count": 75,
  "selection_method": "SHAP-based importance ranking",
  "correlation_threshold": 0.95,
  "importance_scores": {
    "technical_0": 0.4426220546913119,
    "technical_1": 0.32219098314464945,
    "technical_2": 0.15830595488646104,
    "technical_3": 0.6130303969211114,
    "technical_4": 0.09447049837552446,
    "technical_5": 0.22615243053469425,
    "technical_6": 0.09144823259399215,
    "technical_7": 0.1031380130842684,
    "technical_8": 0.3765180133580952,
    "technical_9": 0.3711106547911699
  },
  "creation_date": "2025-07-16T21:41:48.233224",
  "model_performance": {
    "bull_accuracy": 0.72,
    "bear_accuracy": 0.68,
    "neutral_accuracy": 0.65,
    "meta_model_r2": 0.74
  }
}