{
  "MA_Crossover": {
    "CRWD": {
      "final_value": 10204.749855796816,
      "total_return_pct": 2.047498557968156,
      "sharpe_ratio": NaN,
      "max_drawdown_pct": 1.1774839992745234,
      "total_trades": 2,
      "winning_trades": 1,
      "losing_trades": 0,
      "win_rate_pct": 50.0,
      "avg_win_pct": 103.11337725067139,
      "avg_loss_pct": 0.0
    },
    "SNOW": {
      "final_value": 9976.462463150026,
      "total_return_pct": -0.2353753684997355,
      "sharpe_ratio": NaN,
      "max_drawdown_pct": 1.5558521813817197,
      "total_trades": 3,
      "winning_trades": 0,
      "losing_trades": 2,
      "win_rate_pct": 0.0,
      "avg_win_pct": 0.0,
      "avg_loss_pct": -18.871463119506835
    },
    "PLTR": {
      "final_value": 10003.919720265389,
      "total_return_pct": 0.03919720265388605,
      "sharpe_ratio": NaN,
      "max_drawdown_pct": 0.08733915823486124,
      "total_trades": 2,
      "winning_trades": 0,
      "losing_trades": 1,
      "win_rate_pct": 0.0,
      "avg_win_pct": 0.0,
      "avg_loss_pct": -5.362399696350094
    },
    "U": {
      "final_value": 9961.67589168167,
      "total_return_pct": -0.3832410831832931,
      "sharpe_ratio": NaN,
      "max_drawdown_pct": 1.0802102252681973,
      "total_trades": 2,
      "winning_trades": 0,
      "losing_trades": 2,
      "win_rate_pct": 0.0,
      "avg_win_pct": 0.0,
      "avg_loss_pct": -19.162054159164434
    },
    "RBLX": {
      "final_value": 9983.884081907272,
      "total_return_pct": -0.16115918092727952,
      "sharpe_ratio": NaN,
      "max_drawdown_pct": 0.20007930104726937,
      "total_trades": 2,
      "winning_trades": 0,
      "losing_trades": 1,
      "win_rate_pct": 0.0,
      "avg_win_pct": 0.0,
      "avg_loss_pct": -18.32244809150695
    },
    "NET": {
      "final_value": 10026.873670303345,
      "total_return_pct": 0.2687367030334462,
      "sharpe_ratio": NaN,
      "max_drawdown_pct": 0.2437929075729341,
      "total_trades": 1,
      "winning_trades": 0,
      "losing_trades": 0,
      "win_rate_pct": 0.0,
      "avg_win_pct": 0,
      "avg_loss_pct": 0
    },
    "DDOG": {
      "final_value": 10052.033677490233,
      "total_return_pct": 0.5203367749023345,
      "sharpe_ratio": NaN,
      "max_drawdown_pct": 0.7828301753723921,
      "total_trades": 2,
      "winning_trades": 1,
      "losing_trades": 0,
      "win_rate_pct": 50.0,
      "avg_win_pct": 25.82876206970216,
      "avg_loss_pct": 0.0
    },
    "MDB": {
      "final_value": 10195.71675390625,
      "total_return_pct": 1.9571675390625023,
      "sharpe_ratio": -0.5364137051850839,
      "max_drawdown_pct": 2.5071530443427488,
      "total_trades": 3,
      "winning_trades": 1,
      "losing_trades": 1,
      "win_rate_pct": 33.33333333333333,
      "avg_win_pct": 114.28731024169922,
      "avg_loss_pct": -63.6570624389649
    },
    "OKTA": {
      "final_value": 10012.200023742675,
      "total_return_pct": 0.12200023742674604,
      "sharpe_ratio": -1.4558456596953506,
      "max_drawdown_pct": 1.5338373463560884,
      "total_trades": 5,
      "winning_trades": 1,
      "losing_trades": 4,
      "win_rate_pct": 20.0,
      "avg_win_pct": 118.0022896270752,
      "avg_loss_pct": -26.45056647109985
    },
    "ZS": {
      "final_value": 10211.27313244629,
      "total_return_pct": 2.112731324462893,
      "sharpe_ratio": -0.7660268513341589,
      "max_drawdown_pct": 1.6736331354434963,
      "total_trades": 2,
      "winning_trades": 1,
      "losing_trades": 0,
      "win_rate_pct": 50.0,
      "avg_win_pct": 132.2255,
      "avg_loss_pct": 0.0
    }
  },
  "Bollinger_Bounce": {
    "CRWD": {
      "final_value": 10001.609393760677,
      "total_return_pct": 0.016093937606765394,
      "sharpe_ratio": NaN,
      "max_drawdown_pct": 1.3241071979930346,
      "total_trades": 16,
      "winning_trades": 11,
      "losing_trades": 5,
      "win_rate_pct": 68.75,
      "avg_win_pct": 10.176946400035513,
      "avg_loss_pct": -22.067403327941893
    },
    "SNOW": {
      "final_value": 10024.783197540284,
      "total_return_pct": 0.24783197540284163,
      "sharpe_ratio": NaN,
      "max_drawdown_pct": 1.1023300845478685,
      "total_trades": 16,
      "winning_trades": 11,
      "losing_trades": 5,
      "win_rate_pct": 68.75,
      "avg_win_pct": 14.631601186578928,
      "avg_loss_pct": -27.232883102417
    },
    "PLTR": {
      "final_value": 9995.996911981589,
      "total_return_pct": -0.0400308801841129,
      "sharpe_ratio": NaN,
      "max_drawdown_pct": 0.14986309607781445,
      "total_trades": 14,
      "winning_trades": 7,
      "losing_trades": 6,
      "win_rate_pct": 50.0,
      "avg_win_pct": 1.4139332169124057,
      "avg_loss_pct": -2.3055668834050493
    },
    "U": {
      "final_value": 9953.463306644442,
      "total_return_pct": -0.46536693355557873,
      "sharpe_ratio": NaN,
      "max_drawdown_pct": 0.6348305328947087,
      "total_trades": 13,
      "winning_trades": 5,
      "losing_trades": 8,
      "win_rate_pct": 38.46153846153847,
      "avg_win_pct": 5.432149160003659,
      "avg_loss_pct": -9.21217989444733
    },
    "RBLX": {
      "final_value": 9969.395615392687,
      "total_return_pct": -0.30604384607313473,
      "sharpe_ratio": NaN,
      "max_drawdown_pct": 0.6021105125023781,
      "total_trades": 13,
      "winning_trades": 7,
      "losing_trades": 6,
      "win_rate_pct": 53.84615384615385,
      "avg_win_pct": 2.698724324907576,
      "avg_loss_pct": -8.249242480278017
    },
    "NET": {
      "final_value": 9959.432446002958,
      "total_return_pct": -0.40567553997041617,
      "sharpe_ratio": NaN,
      "max_drawdown_pct": 1.2197863422808548,
      "total_trades": 15,
      "winning_trades": 13,
      "losing_trades": 2,
      "win_rate_pct": 86.66666666666667,
      "avg_win_pct": 5.191118814321665,
      "avg_loss_pct": -54.02604929161072
    },
    "DDOG": {
      "final_value": 10086.58178347015,
      "total_return_pct": 0.8658178347015019,
      "sharpe_ratio": NaN,
      "max_drawdown_pct": 0.4418400751318271,
      "total_trades": 20,
      "winning_trades": 14,
      "losing_trades": 6,
      "win_rate_pct": 70.0,
      "avg_win_pct": 8.392772500174388,
      "avg_loss_pct": -5.152838588714597
    },
    "MDB": {
      "final_value": 10109.993030467991,
      "total_return_pct": 1.0999303046799105,
      "sharpe_ratio": -1.468748898358898,
      "max_drawdown_pct": 1.7603729356692752,
      "total_trades": 23,
      "winning_trades": 16,
      "losing_trades": 7,
      "win_rate_pct": 69.56521739130434,
      "avg_win_pct": 22.077716329813004,
      "avg_loss_pct": -34.750061544145865
    },
    "OKTA": {
      "final_value": 10019.713104042052,
      "total_return_pct": 0.1971310404205178,
      "sharpe_ratio": -3.8635186978566365,
      "max_drawdown_pct": 0.7250707212510454,
      "total_trades": 22,
      "winning_trades": 14,
      "losing_trades": 8,
      "win_rate_pct": 63.63636363636363,
      "avg_win_pct": 8.96303791536604,
      "avg_loss_pct": -13.221178346633906
    },
    "ZS": {
      "final_value": 9949.431100170134,
      "total_return_pct": -0.505688998298665,
      "sharpe_ratio": -5.14296808695756,
      "max_drawdown_pct": 1.2737847751066464,
      "total_trades": 21,
      "winning_trades": 12,
      "losing_trades": 9,
      "win_rate_pct": 57.14285714285714,
      "avg_win_pct": 7.953627726554873,
      "avg_loss_pct": -16.22360361650255
    }
  },
  "Value_Factor_Portfolio": {
    "PORTFOLIO": {
      "final_value": 178951.5464058057,
      "total_return_pct": 78.9515464058057,
      "sharpe_ratio": NaN,
      "max_drawdown_pct": 47.35257585410602,
      "total_trades": 37,
      "winning_trades": 17,
      "losing_trades": 18,
      "win_rate_pct": 45.94594594594595
    }
  }
}